-- phpMyAdmin SQL Dump
-- version 3.5.2.2
-- http://www.phpmyadmin.net
--
-- Host: 127.0.0.1
-- Generation Time: May 14, 2016 at 09:03 AM
-- Server version: 5.5.27
-- PHP Version: 5.4.7

SET SQL_MODE="NO_AUTO_VALUE_ON_ZERO";
SET time_zone = "+00:00";


/*!40101 SET @OLD_CHARACTER_SET_CLIENT=@@CHARACTER_SET_CLIENT */;
/*!40101 SET @OLD_CHARACTER_SET_RESULTS=@@CHARACTER_SET_RESULTS */;
/*!40101 SET @OLD_COLLATION_CONNECTION=@@COLLATION_CONNECTION */;
/*!40101 SET NAMES utf8 */;

--
-- Database: `kia`
--

-- --------------------------------------------------------

--
-- Table structure for table `agama`
--

CREATE TABLE IF NOT EXISTS `agama` (
  `id_agama` int(1) NOT NULL AUTO_INCREMENT COMMENT 'Kode agama, primary key',
  `agama` varchar(9) NOT NULL COMMENT 'agama',
  PRIMARY KEY (`id_agama`)
) ENGINE=InnoDB  DEFAULT CHARSET=latin1 AUTO_INCREMENT=8 ;

--
-- Dumping data for table `agama`
--

INSERT INTO `agama` (`id_agama`, `agama`) VALUES
(1, 'Islam'),
(2, 'Protestan'),
(3, 'Katolik'),
(4, 'Hindu'),
(5, 'Budha'),
(6, 'Khonghucu'),
(7, 'Lain-lain');

-- --------------------------------------------------------

--
-- Table structure for table `data_pasien`
--

CREATE TABLE IF NOT EXISTS `data_pasien` (
  `no_RM` bigint(20) NOT NULL AUTO_INCREMENT,
  `nama` varchar(30) NOT NULL,
  `status` int(2) NOT NULL,
  `jenis_kelamin` int(1) NOT NULL,
  `tanggal_lahir` date NOT NULL,
  `umur` varchar(10) NOT NULL,
  `agama` int(1) NOT NULL,
  `gol_darah` enum('A','B','AB','O') NOT NULL,
  `pendidikan` int(1) NOT NULL,
  `pekerjaan` varchar(20) NOT NULL,
  `no_telepon` varchar(12) NOT NULL,
  `no_KTP` varchar(16) NOT NULL,
  `no_JKN` varchar(13) NOT NULL,
  `nama_wali` varchar(30) NOT NULL,
  `tanggal_lahir_wali` date NOT NULL,
  `umur_wali` varchar(10) NOT NULL,
  `agama_wali` int(1) NOT NULL,
  `gol_darah_wali` enum('A','B','AB','O') NOT NULL,
  `pendidikan_wali` int(1) NOT NULL,
  `pekerjaan_wali` varchar(20) NOT NULL,
  `no_telepon_wali` varchar(12) NOT NULL,
  `no_KTP_wali` varchar(16) NOT NULL,
  `alamat` varchar(70) NOT NULL,
  `no_RM_ibu` tinyint(4) NOT NULL,
  `password` varchar(50) NOT NULL,
  PRIMARY KEY (`no_RM`)
) ENGINE=InnoDB  DEFAULT CHARSET=latin1 AUTO_INCREMENT=1620623 ;

--
-- Dumping data for table `data_pasien`
--

INSERT INTO `data_pasien` (`no_RM`, `nama`, `status`, `jenis_kelamin`, `tanggal_lahir`, `umur`, `agama`, `gol_darah`, `pendidikan`, `pekerjaan`, `no_telepon`, `no_KTP`, `no_JKN`, `nama_wali`, `tanggal_lahir_wali`, `umur_wali`, `agama_wali`, `gol_darah_wali`, `pendidikan_wali`, `pekerjaan_wali`, `no_telepon_wali`, `no_KTP_wali`, `alamat`, `no_RM_ibu`, `password`) VALUES
(1614149, 'SAFURA PRAMUDITA, BY', 2, 2, '2015-11-05', '0,5', 7, '', 7, '', '', '', '', 'DWI WAHYU RAHARJO, TN', '1984-01-01', '32,3', 7, '', 7, 'SWASTA', '089633638887', '', 'JAMBIDAN LOR RT 06 JAMBIDAN BANGUNTAPAN BANTUL YOGYAKARTA', 0, '56316d49c0ec9e72edb1e0355e416a71'),
(1614150, 'IFANDI TUCANG SAFATILLAH, BY', 2, 1, '2016-03-24', '0,1', 7, '', 7, '', '', '', '', 'DIANA FITRI, NY', '1986-01-01', '30,3', 7, '', 7, 'DOKTER', '08132828195', '', 'JALAN PERINTIS KEMERDEKAAN 2 YOGYAKARTA', 0, 'b9e5dd9b87c9ad330bcefe3e13612db5'),
(1614151, 'KIENZA ZAFREEN BANAFSHA, AN', 2, 2, '2013-09-02', '2,7', 7, '', 7, '', '', '', '', 'HASAN FAKMI, TN', '1986-01-01', '30,3', 7, '', 7, 'SWASTA', '085643867444', '', 'GREEN HOUSE BLOK RK 3', 0, 'e5f75cb22339c10bb279a93d4ceb8830'),
(1614152, 'RABIAH ADAWIYAH, AN', 2, 2, '2015-04-20', '1,0', 7, '', 7, '', '', '', '', 'ALFANI RISMAN N, TN', '1980-01-01', '36,3', 7, '', 7, 'PNS', '08562118823', '', 'JALAN CIANJUR 8 MALANG', 0, '7f0ddd5ff31562f7f26ed349876c5f9a'),
(1614153, 'ELFAHQIAN HUZAFA KHARNAZ, BY', 2, 1, '2016-04-29', '0,0', 7, '', 7, '', '', '', '', 'YODY KHARISMA S, TN', '1984-01-01', '32,3', 7, '', 7, 'SWASTA', '', '', 'JALAN TAMANSISWA JOYONEGARAN MG II / 802 YOGYAKARTA', 0, '5910404a43b8ebf6c046dbeb1b3584a4'),
(1614154, 'EFRIYANA SUSIATI, BY NY', 2, 1, '2016-04-14', '0,0', 7, '', 7, '', '', '', '', 'MAHAR MARGITO P M, TN', '1985-01-01', '31,3', 7, '', 7, 'PNS', '082354349898', '', 'JALAN KUSUMANEGARA NO.2 YOGYAKARTA', 0, '7f66b25bbd8954207f2d44ff478fc099'),
(1614155, 'IBRAHIM NABHAN ABYANSYAH, BY', 2, 1, '2016-04-24', '0,0', 7, '', 7, '', '', '', '', 'ROSI ALAM F, TN', '1984-01-01', '32,3', 7, '', 7, 'PNS', '085643318728', '', 'KARANGANYAR MG III/11221', 0, 'f1c083e61b32d3a9be76bc21266b0648'),
(1614156, 'FAZILA HANAM, BY', 2, 2, '2016-04-24', '0,0', 7, '', 7, '', '', '', '', 'MERDEKA FRANKY H, TN', '1981-01-01', '35,3', 7, '', 7, 'POLRI', '', '', 'NGRANDU RT 27/14 KALI AGUNG SENTOLO KULON PROGO', 0, '8f0a8d61417134182d6a15e27a34d881'),
(1614157, 'CLAKRA KAISA NATHANIA, AN', 2, 2, '2015-11-04', '0,5', 7, '', 7, '', '', '', '-', 'arwin arifka w, tn', '1989-01-01', '27,3', 7, '', 7, 'KARYAWAN SWASTA', '081391077057', '-', 'PRENGGAN KOTA GEDE', 0, '31b730636b93201058b7e87176071b76'),
(1614158, 'WINDANINGRUM, BY NY', 2, 2, '2016-04-24', '0,0', 7, '', 7, '', '', '-', '-', 'M. MUKTI, TN', '1990-01-01', '26,3', 7, '', 7, 'BUMN', '-', '-', 'JALAN SIDIKAN GANG PARWITASARI UH VI', 0, 'c533b494093d32428f02b74bc79b6477'),
(1614159, 'ENDANG, BY NY', 2, 2, '2016-04-25', '0,0', 7, '', 7, '', '-', '-', '-', 'RAHMAT, TN', '1974-01-01', '42,3', 7, '', 7, 'SWASTA', '087839501791', '-', 'WEDEN TRIRENGGO BANTUL YOGYAKARTA', 0, '7565a1fb1ffd44d62ba851ce3540b5e4'),
(1614160, 'APRI MARWANTI, BY NY', 2, 1, '2016-05-01', '11,0', 7, '', 7, '', '-', '-', '-', 'ALI BAZA, TN', '1976-01-01', '40,3', 7, '', 7, 'SWASTA', '-', '-', 'REJOWINANGUN NO.48 RT 028 / 009 KOTA GEDE YOGYAKARTA', 0, 'b98e6a182b7769742f3eac05f1f33f88'),
(1614161, 'MAGDALENA, BY NY', 2, 2, '2016-04-29', '0,0', 7, '', 7, '', '', '-', '-', 'DEDI KURNIAWAN, N', '1977-01-01', '39,3', 7, '', 7, 'SWASTA', '08112545600', '-', 'JALAN BRIGJRN KATAMSO NO 79 YOGYAKARTA', 0, '1d68c3cd963944443cfed7b42ffde9c4'),
(1614162, 'FEBRI WINANTI, BY NY', 2, 2, '2016-04-28', '0,0', 1, '', 7, '', '', '-', '-', 'ERWAN EKO S, TN', '1984-01-01', '32,3', 1, 'A', 7, 'SWASTA', '385226', '-', 'PATEHAN KIDUL YOGYAKARTA', 0, '4689c75fd0935ff5818d62fd2083ed98'),
(1614163, 'YESI, BY NY', 2, 1, '2016-04-29', '0,0', 1, '', 7, '', '', '-', '-', 'PEKIK SETRIARGA, TN', '1991-01-01', '25,3', 1, 'A', 7, 'KARYAWAN SWASTA', '089682514175', '-', 'JALAN BATIKAN 14 A YOGYAKARTA', 0, '486c0fab3c41e24f913b02a2cfcd26b3'),
(1614164, 'NAAFI KAZIMINA GHAIZADYA U, BY', 2, 2, '2016-04-08', '0,0', 1, '', 7, '', '', '-', '-', 'NAVI ANANDA UTAMA, TN', '1982-01-01', '34,3', 1, '', 7, 'KARYAWAN SWASTA', '082137487115', '-', 'PURIMAS TAMANSARI 2 BLOK E-2 YOGYAKARTA', 0, '93077c1e1ed01613886d4325f769b6e1'),
(1620553, 'SITI MARIANA, NY', 1, 2, '1990-01-01', '26,3', 1, 'A', 3, 'IRT', '-', '-', '-', 'DEDIE KUSUMA,TN', '1978-01-01', '38,3', 1, 'A', 5, 'WIRASWASTA', '081802747321', '-', 'KENCANA MULYA NO 2F POPONGAN SLEMAN YOGYAKARTA', 0, 'db04eb4b07e0aaf8d1d477ae342bdff9'),
(1620557, 'RIANITA DWI R, NY', 1, 2, '1989-01-01', '27,3', 1, 'A', 5, 'PNS', '-', '-', '-', 'FERI FARISTA, TN', '1989-01-01', '27,3', 1, 'A', 5, 'KARYAWAN SWASTA', '085743100882', '-', 'PEDOWOHARJO SEWON BANTUL YOGYAKARTA', 0, '7e2d6ded1dfc16c77505b58f7aae6a8c'),
(1620559, 'SARAH NURSITA, NY ', 1, 2, '1988-01-01', '28,3', 1, 'A', 5, '-', '-', '-', '-', 'MUH. IQBAL, TN ', '1985-01-01', '31,3', 1, 'A', 5, 'WIRASWASTA', '082220050557', '-', 'BASEN KG 3/300 RT 15/04 KOTAGEDE YOGYAKARTA', 0, '9e9d7a08e048e9d604b79460b54969c3'),
(1620600, 'PUPUT YULIANI, NY', 1, 2, '1995-01-01', '21,3', 1, 'A', 3, 'WIRASWASTA', '-', '-', '-', 'HARIS NUR W, TN', '1991-01-01', '25,3', 1, 'A', 3, 'WIRASWASTA', '085643423001', '-', 'BANYU BENING BEJI HARJO KARANGMOJO GUNUNG KIDUL', 0, 'f95c24c42b0f2ea683727cc47cde3ad2'),
(1620601, 'KURNIA CHANDRA, NY', 1, 2, '1991-01-01', '25,3', 1, 'A', 5, 'WIRASWASTA', '-', '-', '-', 'RIFDA FAHMI H, TN', '1991-01-01', '25,3', 1, 'A', 5, 'WIRASWASTA', '085743945660', '-', 'PRANCAK WEDEN RT 4 PANGGUNG HARJO SEWON BANTUL YOGYAKARTA', 0, 'dc502eff4e2efeaecb6566348dfb630b'),
(1620606, 'DEWI SULISTYOWATI, NY', 1, 2, '1988-01-27', '28,3', 1, 'A', 3, 'SWASTA', '-', '-', '-', 'PANCAIS MEYSIR K, TN', '1982-05-13', '33,11', 1, 'A', 5, 'SWASTA', '082111367127', '-', 'DUKUH MJ I/1545 RT 78/17 YOGYAKARTA ', 0, 'ed1d859c50262701d92e5cbf39652792'),
(1620608, 'INDANA ZULFA, NY', 1, 2, '1988-01-01', '28,3', 1, 'A', 5, 'WIRASWASTA', '-', '-', '-', 'MUH. IQBAL, TN', '1988-01-01', '28,3', 1, 'A', 5, 'WIRASWASTA', '088216064004', '-', 'KANOMAN TEGAL PASAR BANGUNTAPAN BANTUL YOGYAKARTA', 0, 'd07d2f4fba0c4605378c28246458db8a'),
(1620609, 'ACUN KARTIKO WATI, NY', 1, 2, '1979-01-01', '37,3', 1, 'A', 3, 'IRT', '-', '-', '-', 'ANTON TIMUR J, TN', '1976-01-01', '40,3', 1, 'A', 3, 'WIRASWASTA', '085747507818', '-', 'SURYOWIJAYAN MJ I/340 YOGYAKARTA', 0, 'cbfd3d121d4e49e6496e5ab7d6015687'),
(1620615, 'RIZKY ANGGITA, NY', 1, 2, '1998-01-01', '18,3', 1, 'A', 3, 'IRT', '-', '-', '-', 'RAFAEL YANU, TN', '1995-01-01', '21,3', 1, 'A', 3, 'KARYAWAN SWASTA', '082137370121', '-', 'CELEBAN BARU UH 3/775 B ', 0, '49d8712dd6ac9c3745d53cd4be48284c'),
(1620616, 'APRILIA HANDAYANI, NY', 1, 2, '1986-01-01', '30,3', 1, 'A', 5, 'APOTEKER', '-', '-', '-', 'DARMADI, TN', '1983-01-01', '33,3', 1, 'A', 5, 'KARYAWAN SWASTA', '085701178115', '-', 'PERUMNAS TRIMULYO BLOK D3 JETIS BANTUL', 0, 'ef9638c9b59e2e2e0ef3f830ef885f81'),
(1620617, 'ESTER REZA Y, NY', 1, 2, '1994-01-01', '22,3', 2, 'A', 3, 'WIRASWASTA', '-', '-', '-', 'JULIUS KEVIN K, TN', '1994-01-01', '22,3', 2, 'A', 3, 'WIRASWASTA', '081325020444', '-', 'PERUMAHAN GRAHAYASA II/1 SEWON BANTUL', 0, 'fa258e7e7a0d43c4266a01029dc2bdfa'),
(1620618, 'FITRI ANDRIANA, NY', 1, 2, '1984-01-01', '32,3', 1, 'A', 4, 'IRT', '-', '-', '-', 'OKKY YOGA P, TN', '1983-01-01', '33,3', 1, 'A', 3, 'KARYAWAN SWASTA', '371441', '-', 'NAMBURAN LOR II YOGYAKARTA', 0, '534a0b7aa872ad1340d0071cbfa38697'),
(1620619, 'SUDARYATI, NY', 1, 2, '1981-01-01', '35,3', 1, 'A', 1, 'WIRASWASTA', '-', '-', '-', 'PUJI ROHMAD, TN', '1978-01-01', '38,3', 1, 'A', 1, 'WIRASWASTA', '085860036639', '-', 'SEGOROYOSO I PLERET BANTUL', 0, '6872c955721cd911752259f2d24a8d96'),
(1620620, 'RETNOWATI, NY', 1, 2, '1979-01-01', '37,3', 1, 'A', 3, 'IRT', '-', '-', '-', 'EKO SULISTYANTO, TN', '1979-01-01', '37,3', 1, 'A', 3, 'WIRASWASTA', '081227036978', '-', 'PURBAYAN KG 3/1093 YOGYAKARTA', 0, '2b0e733bb223912d02667aa9e5703d4b'),
(1620621, 'SUPARSIH AAS RAGIAL S, NY', 1, 2, '1984-01-01', '32,3', 1, 'A', 5, 'IRT', '-', '-', '-', 'SUSILO CHRISTIONO, TN', '1986-01-01', '30,3', 1, 'A', 5, 'WIRASWASTA', '08175425354', '-', 'PERUMAHAN DIRGANTARA ASRI I/13 BERBAH SLEMAN', 0, 'cf40f7420935d794fab853289173f689'),
(1620622, 'STELLA CANDRA OKTAVIANI, NY', 1, 2, '1992-01-01', '24,3', 3, 'A', 3, 'SWASTA', '-', '-', '-', 'SONY, TN', '1987-01-01', '29,3', 2, '', 3, 'SWASTA', '388682', '-', 'JL. MT HARYONO 39, PUGERAN, YOGYAKARTA', 0, '430244540aa38ff181545cb0d539f038');

-- --------------------------------------------------------

--
-- Table structure for table `dokter`
--

CREATE TABLE IF NOT EXISTS `dokter` (
  `id_dokter` int(2) NOT NULL AUTO_INCREMENT,
  `nama_dokter` varchar(50) NOT NULL,
  PRIMARY KEY (`id_dokter`)
) ENGINE=InnoDB  DEFAULT CHARSET=latin1 AUTO_INCREMENT=7 ;

--
-- Dumping data for table `dokter`
--

INSERT INTO `dokter` (`id_dokter`, `nama_dokter`) VALUES
(1, 'Prof. Dr. H. Moch. Anwar, M.Med. Sc., SpOG(K)'),
(2, 'Dr. Ardhanu Kusumanto, SpOG(K)'),
(3, 'Dr. Hj. Anisah, SpOG'),
(4, 'dr. Neti Nurani, M. Kes, SpA (K)'),
(5, 'dr. Braghmandita WI, M.Sc., SpA'),
(6, 'dr. Akhmad Mahmudi, SpBA');

-- --------------------------------------------------------

--
-- Table structure for table `jenis_kelamin`
--

CREATE TABLE IF NOT EXISTS `jenis_kelamin` (
  `id_jenis_kelamin` int(5) NOT NULL AUTO_INCREMENT COMMENT 'Kode jenis kelamin, primary key',
  `jenis_kelamin` varchar(9) NOT NULL COMMENT 'Jenis kelamin',
  PRIMARY KEY (`id_jenis_kelamin`)
) ENGINE=InnoDB  DEFAULT CHARSET=latin1 AUTO_INCREMENT=3 ;

--
-- Dumping data for table `jenis_kelamin`
--

INSERT INTO `jenis_kelamin` (`id_jenis_kelamin`, `jenis_kelamin`) VALUES
(1, 'Lak-laki'),
(2, 'Perempuan');

-- --------------------------------------------------------

--
-- Table structure for table `jenis_pemeriksaan`
--

CREATE TABLE IF NOT EXISTS `jenis_pemeriksaan` (
  `id` int(2) NOT NULL AUTO_INCREMENT,
  `keterangan` varchar(50) NOT NULL,
  PRIMARY KEY (`id`)
) ENGINE=InnoDB  DEFAULT CHARSET=latin1 AUTO_INCREMENT=63 ;

--
-- Dumping data for table `jenis_pemeriksaan`
--

INSERT INTO `jenis_pemeriksaan` (`id`, `keterangan`) VALUES
(1, 'jumlah gestasi'),
(2, 'jumlah partus'),
(3, 'jumlah abortus'),
(4, 'jumlah anak hidup'),
(5, 'jumlah anak lahir mati'),
(6, 'jumlah anak lahir kurang bulan'),
(7, 'jarak dengan persalinan sebelumnya'),
(8, 'cara peralinan sebelumnya'),
(9, 'HPHT'),
(10, 'HPL'),
(11, 'lingkar lengan atas'),
(12, 'tinggi badan'),
(13, 'penggunaan kontrasepsi sebelum kehamilan'),
(14, 'riwayat penyakit'),
(15, 'riwayat alergi'),
(16, 'TT 1'),
(17, 'TT 2'),
(18, 'TT 3'),
(19, 'TT 4'),
(20, 'TT 5'),
(21, 'keluhan sekarang'),
(22, 'tekanan darah'),
(23, 'berat badan'),
(24, 'umur kehamilan'),
(25, 'tinggi fundus'),
(26, 'denyut jantung janin'),
(27, 'kaki bengkak'),
(28, 'hasil laboratorium'),
(29, 'diagnosis'),
(30, 'tindakan'),
(31, 'nasihat'),
(32, 'nadi/menit'),
(33, 'napas/menit'),
(34, 'suhu (celcius)'),
(35, 'kontraksi rahim'),
(36, 'perdarahan'),
(37, 'warna jumlah bau lokhia'),
(38, 'BAB'),
(39, 'BAK'),
(40, 'produksi ASI'),
(41, 'imunisasi HB 1'),
(42, 'imunisasi HB 2'),
(43, 'imunisasi BCG'),
(44, 'imunisasi polio 1'),
(45, 'imunisas DPT HB HIB 1'),
(46, 'imunisasi polio 2'),
(47, 'imunisasi DPT HB HIB 2'),
(48, 'imunisasi polio 3'),
(49, 'imunisasi DP HB HIB 3'),
(50, 'imunisasi polio 4'),
(51, 'imunisasi IPV'),
(52, 'imunisasi campak'),
(53, 'imunisasi DPT HB HIB lanjutan'),
(54, 'imunisasi campak lanjutan'),
(55, 'vitamin A merah'),
(56, 'vitamin A biru'),
(57, 'lingkar kepala'),
(58, 'frequensi denyut jantung'),
(59, 'letak janin'),
(60, 'letak janin sungsang'),
(61, 'letak janin melintang'),
(62, 'letak janin belum teraba');

-- --------------------------------------------------------

--
-- Table structure for table `keterangan_lahir`
--

CREATE TABLE IF NOT EXISTS `keterangan_lahir` (
  `no_surat` int(11) NOT NULL AUTO_INCREMENT COMMENT 'Kode keterangan lahir, primary key',
  `tanggal_surat` date NOT NULL COMMENT 'Nomor rekam medis ibu',
  `no_RM` int(12) NOT NULL COMMENT 'Nomor rekam medis anak',
  `nama` varchar(30) NOT NULL,
  `jenis_kelamin` int(1) NOT NULL,
  `hari_lahir` varchar(7) NOT NULL,
  `tanggal_lahir` date NOT NULL,
  `waktu_lahir` time NOT NULL,
  `jenis_kelahiran` varchar(10) NOT NULL,
  `kelahiran_ke` int(11) NOT NULL,
  `berat_lahir` varchar(11) NOT NULL,
  `panjang_badan` int(11) NOT NULL,
  `no_RM_ibu` int(11) NOT NULL,
  `nama_ibu` varchar(30) NOT NULL,
  `umur_ibu` int(11) NOT NULL,
  `pekerjaan_ibu` varchar(10) NOT NULL,
  `no_KTP_ibu` int(16) NOT NULL,
  `nama_ayah` varchar(30) NOT NULL,
  `umur_ayah` int(11) NOT NULL,
  `pekerjaan_ayah` varchar(10) NOT NULL,
  `no_KTP_ayah` int(16) NOT NULL,
  `alamat` varchar(100) NOT NULL,
  `saksi1` varchar(30) NOT NULL,
  `saksi2` varchar(30) NOT NULL,
  `penolong_lahir` varchar(30) NOT NULL,
  PRIMARY KEY (`no_surat`)
) ENGINE=InnoDB  DEFAULT CHARSET=latin1 AUTO_INCREMENT=2 ;

--
-- Dumping data for table `keterangan_lahir`
--

INSERT INTO `keterangan_lahir` (`no_surat`, `tanggal_surat`, `no_RM`, `nama`, `jenis_kelamin`, `hari_lahir`, `tanggal_lahir`, `waktu_lahir`, `jenis_kelahiran`, `kelahiran_ke`, `berat_lahir`, `panjang_badan`, `no_RM_ibu`, `nama_ibu`, `umur_ibu`, `pekerjaan_ibu`, `no_KTP_ibu`, `nama_ayah`, `umur_ayah`, `pekerjaan_ayah`, `no_KTP_ayah`, `alamat`, `saksi1`, `saksi2`, `penolong_lahir`) VALUES
(1, '2013-04-13', 2, 'NAUFAL AFKAR PRABASWARA, AN', 1, 'Selasa', '2013-04-13', '14:00:00', 'tunggal', 1, '3,5', 50, 1, 'IRMA YUNI RAHMAWATI, NY', 28, 'PNS', 2147483647, 'SEPTA PRIHANTARA, TN', 28, 'PNS', 2147483647, 'PERUMAHAN BOJONG MENTENG INDAH, BEKASI', 'Haniyah, S. Kep, Ners', 'Septa Prihantara, TN', 'Dr. Hj. Anisah, SpOG');

-- --------------------------------------------------------

--
-- Table structure for table `kunjungan`
--

CREATE TABLE IF NOT EXISTS `kunjungan` (
  `id_kunjungan` bigint(20) NOT NULL AUTO_INCREMENT,
  `no_RM` int(11) NOT NULL,
  `tanggal_kunjungan` date NOT NULL,
  `id_jenis_pemeriksaan` int(11) NOT NULL,
  `hasil_pemeriksaan` varchar(100) NOT NULL,
  `nama_dokter` varchar(50) NOT NULL,
  `jadwal` date NOT NULL,
  PRIMARY KEY (`id_kunjungan`)
) ENGINE=InnoDB  DEFAULT CHARSET=latin1 AUTO_INCREMENT=678 ;

--
-- Dumping data for table `kunjungan`
--

INSERT INTO `kunjungan` (`id_kunjungan`, `no_RM`, `tanggal_kunjungan`, `id_jenis_pemeriksaan`, `hasil_pemeriksaan`, `nama_dokter`, `jadwal`) VALUES
(1, 1620622, '2016-02-18', 9, '2016-03-06', '1', '0000-00-00'),
(2, 1620622, '2016-02-18', 10, '2016-03-10', '1', '0000-00-00'),
(3, 1620622, '2016-02-18', 11, '-', '1', '0000-00-00'),
(4, 1620622, '2016-02-18', 12, '-', '1', '0000-00-00'),
(5, 1620622, '2016-02-18', 13, '-', '1', '0000-00-00'),
(6, 1620622, '2016-02-18', 14, '-', '1', '0000-00-00'),
(7, 1620622, '2016-02-18', 15, '-', '1', '0000-00-00'),
(8, 1620622, '2016-02-18', 1, '1', '1', '0000-00-00'),
(9, 1620622, '2016-02-18', 2, '0', '1', '0000-00-00'),
(10, 1620622, '2016-02-18', 3, '0', '1', '0000-00-00'),
(11, 1620622, '2016-02-18', 16, '', '1', '0000-00-00'),
(12, 1620622, '2016-02-18', 4, '1', '1', '0000-00-00'),
(13, 1620622, '2016-02-18', 5, '-', '1', '0000-00-00'),
(14, 1620622, '2016-02-18', 6, '-', '1', '0000-00-00'),
(15, 1620622, '2016-02-18', 7, '-', '1', '0000-00-00'),
(16, 1620622, '2016-02-18', 8, '-', '1', '0000-00-00'),
(17, 1620622, '2016-03-10', 22, '110/65', '1', '0000-00-00'),
(18, 1620622, '2016-03-10', 23, '68', '1', '0000-00-00'),
(19, 1620622, '2016-03-10', 24, '38', '1', '0000-00-00'),
(20, 1620622, '2016-03-10', 25, '3 ', '1', '0000-00-00'),
(21, 1620622, '2016-03-10', 58, 'KEPALA', '1', '0000-00-00'),
(22, 1620622, '2016-03-10', 26, '142', '1', '0000-00-00'),
(23, 1620622, '2016-03-10', 27, '-', '1', '0000-00-00'),
(24, 1620622, '2016-03-10', 28, '-', '1', '0000-00-00'),
(25, 1620622, '2016-03-10', 30, 'SC', '1', '0000-00-00'),
(26, 1620622, '2016-03-10', 31, '-', '1', '0000-00-00'),
(27, 1620622, '2016-03-11', 22, '100/69', '1', '0000-00-00'),
(28, 1620622, '2016-03-11', 32, '90', '1', '0000-00-00'),
(29, 1620622, '2016-03-11', 33, '-', '1', '0000-00-00'),
(30, 1620622, '2016-03-11', 34, '36,7', '1', '0000-00-00'),
(31, 1620622, '2016-03-11', 35, 'baik', '1', '0000-00-00'),
(32, 1620622, '2016-03-11', 36, '100 cc', '1', '0000-00-00'),
(33, 1620622, '2016-03-11', 38, '+', '1', '0000-00-00'),
(34, 1620622, '2016-03-11', 39, '+', '1', '0000-00-00'),
(35, 1620622, '2016-03-11', 37, '0', '1', '0000-00-00'),
(36, 1620622, '2016-03-11', 40, 'baik', '1', '0000-00-00'),
(37, 1620622, '2016-03-11', 30, 'injeksi SORP dan infus', '1', '0000-00-00'),
(38, 1620622, '2016-03-11', 31, 'latihan neteki, latih mobilisasi, istirahat', '1', '0000-00-00'),
(39, 1620621, '2016-02-18', 9, '2015-06-15', '1', '0000-00-00'),
(40, 1620621, '2016-02-18', 10, '2016-03-22', '1', '0000-00-00'),
(41, 1620621, '2016-02-18', 11, '-', '1', '0000-00-00'),
(42, 1620621, '2016-02-18', 12, '-', '1', '0000-00-00'),
(43, 1620621, '2016-02-18', 13, '-', '1', '0000-00-00'),
(44, 1620621, '2016-02-18', 14, '-', '1', '0000-00-00'),
(45, 1620621, '2016-02-18', 15, '-', '1', '0000-00-00'),
(46, 1620621, '2016-02-18', 1, '2', '1', '0000-00-00'),
(47, 1620621, '2016-02-18', 2, '1', '1', '0000-00-00'),
(48, 1620621, '2016-02-18', 3, '0', '1', '0000-00-00'),
(49, 1620621, '2016-02-18', 16, '', '1', '0000-00-00'),
(50, 1620621, '2016-02-18', 4, '1', '1', '0000-00-00'),
(51, 1620621, '2016-02-18', 5, '-', '1', '0000-00-00'),
(52, 1620621, '2016-02-18', 6, '-', '1', '0000-00-00'),
(53, 1620621, '2016-02-18', 7, '-', '1', '0000-00-00'),
(54, 1620621, '2016-02-18', 8, 'spontan dengan VE', '1', '0000-00-00'),
(55, 1620621, '2016-03-14', 22, '114/78', '1', '2016-03-28'),
(56, 1620621, '2016-03-14', 23, '57', '1', '2016-03-28'),
(57, 1620621, '2016-03-14', 24, '39', '1', '2016-03-28'),
(58, 1620621, '2016-03-14', 25, '3', '1', '2016-03-28'),
(59, 1620621, '2016-03-14', 58, 'kepala', '1', '2016-03-28'),
(60, 1620621, '2016-03-14', 26, '142', '1', '2016-03-28'),
(61, 1620621, '2016-03-14', 27, '+', '1', '2016-03-28'),
(62, 1620621, '2016-03-14', 28, '-', '1', '2016-03-28'),
(63, 1620621, '2016-03-14', 30, 'VE', '1', '2016-03-28'),
(64, 1620621, '2016-03-14', 31, '-', '1', '2016-03-28'),
(65, 1620621, '2016-04-05', 22, '120/80', '1', '0000-00-00'),
(66, 1620621, '2016-04-05', 32, '88', '1', '0000-00-00'),
(67, 1620621, '2016-04-05', 33, '-', '1', '0000-00-00'),
(68, 1620621, '2016-04-05', 34, '36', '1', '0000-00-00'),
(69, 1620621, '2016-04-05', 35, '+', '1', '0000-00-00'),
(70, 1620621, '2016-04-05', 36, '-', '1', '0000-00-00'),
(71, 1620621, '2016-04-05', 38, '+', '1', '0000-00-00'),
(72, 1620621, '2016-04-05', 39, '+', '1', '0000-00-00'),
(73, 1620621, '2016-04-05', 37, '0', '1', '0000-00-00'),
(74, 1620621, '2016-04-05', 40, '+', '1', '0000-00-00'),
(75, 1620621, '2016-04-05', 30, '-', '1', '0000-00-00'),
(76, 1620621, '2016-04-05', 31, 'neteki minimal 2 jam sekali', '1', '0000-00-00'),
(77, 1620620, '2016-02-18', 9, '1015-07-20', '1', '0000-00-00'),
(78, 1620620, '2016-02-18', 10, '2016-04-27', '1', '0000-00-00'),
(79, 1620620, '2016-02-18', 11, '-', '1', '0000-00-00'),
(80, 1620620, '2016-02-18', 12, '-', '1', '0000-00-00'),
(81, 1620620, '2016-02-18', 13, '-', '1', '0000-00-00'),
(82, 1620620, '2016-02-18', 14, '-', '1', '0000-00-00'),
(83, 1620620, '2016-02-18', 15, '-', '1', '0000-00-00'),
(84, 1620620, '2016-02-18', 1, '2', '1', '0000-00-00'),
(85, 1620620, '2016-02-18', 2, '1', '1', '0000-00-00'),
(86, 1620620, '2016-02-18', 3, '0', '1', '0000-00-00'),
(87, 1620620, '2016-02-18', 16, '', '1', '0000-00-00'),
(88, 1620620, '2016-02-18', 4, '1', '1', '0000-00-00'),
(89, 1620620, '2016-02-18', 5, '-', '1', '0000-00-00'),
(90, 1620620, '2016-02-18', 6, '-', '1', '0000-00-00'),
(91, 1620620, '2016-02-18', 7, '-', '1', '0000-00-00'),
(92, 1620620, '2016-02-18', 8, 'spontan', '1', '0000-00-00'),
(93, 1620620, '2016-02-18', 22, '140/80', '1', '2016-03-21'),
(94, 1620620, '2016-02-18', 23, '85', '1', '2016-03-21'),
(95, 1620620, '2016-02-18', 24, '35', '1', '2016-03-21'),
(96, 1620620, '2016-02-18', 25, '3', '1', '2016-03-21'),
(97, 1620620, '2016-02-18', 58, 'KEPALA', '1', '2016-03-21'),
(98, 1620620, '2016-02-18', 26, '144', '1', '2016-03-21'),
(99, 1620620, '2016-02-18', 27, '+', '1', '2016-03-21'),
(100, 1620620, '2016-02-18', 28, 'protein urin negatif', '1', '2016-03-21'),
(101, 1620620, '2016-02-18', 30, '-', '1', '2016-03-21'),
(102, 1620620, '2016-02-18', 31, '-', '1', '2016-03-21'),
(103, 1620620, '2016-04-09', 22, '140/80', '1', '0000-00-00'),
(104, 1620620, '2016-04-09', 32, '-', '1', '0000-00-00'),
(105, 1620620, '2016-04-09', 33, '-', '1', '0000-00-00'),
(106, 1620620, '2016-04-09', 34, '-', '1', '0000-00-00'),
(107, 1620620, '2016-04-09', 35, '+', '1', '0000-00-00'),
(108, 1620620, '2016-04-09', 36, '+-150 cc', '1', '0000-00-00'),
(109, 1620620, '2016-04-09', 38, '-', '1', '0000-00-00'),
(110, 1620620, '2016-04-09', 39, '+', '1', '0000-00-00'),
(111, 1620620, '2016-04-09', 37, '0', '1', '0000-00-00'),
(112, 1620620, '2016-04-09', 40, '+', '1', '0000-00-00'),
(113, 1620620, '2016-04-09', 30, '-', '1', '0000-00-00'),
(114, 1620620, '2016-04-09', 31, 'neteki bayi 2 jam sekali, motivasi pemenuhan nutrisi. ', '1', '0000-00-00'),
(115, 1620619, '2016-02-17', 9, '2016-01-08', '1', '0000-00-00'),
(116, 1620619, '2016-02-17', 10, '2016-10-15', '1', '0000-00-00'),
(117, 1620619, '2016-02-17', 11, '-', '1', '0000-00-00'),
(118, 1620619, '2016-02-17', 12, '-', '1', '0000-00-00'),
(119, 1620619, '2016-02-17', 13, '-', '1', '0000-00-00'),
(120, 1620619, '2016-02-17', 14, '-', '1', '0000-00-00'),
(121, 1620619, '2016-02-17', 15, '-', '1', '0000-00-00'),
(122, 1620619, '2016-02-17', 1, '1', '1', '0000-00-00'),
(123, 1620619, '2016-02-17', 2, '1', '1', '0000-00-00'),
(124, 1620619, '2016-02-17', 3, '0', '1', '0000-00-00'),
(125, 1620619, '2016-02-17', 16, '', '1', '0000-00-00'),
(126, 1620619, '2016-02-17', 4, '-', '1', '0000-00-00'),
(127, 1620619, '2016-02-17', 5, '-', '1', '0000-00-00'),
(128, 1620619, '2016-02-17', 6, '-', '1', '0000-00-00'),
(129, 1620619, '2016-02-17', 7, '-', '1', '0000-00-00'),
(130, 1620619, '2016-02-17', 8, '-', '1', '0000-00-00'),
(131, 1620619, '2016-03-08', 22, '115/75', '1', '2016-03-29'),
(132, 1620619, '2016-03-08', 23, '60', '1', '2016-03-29'),
(133, 1620619, '2016-03-08', 24, '16', '1', '2016-03-29'),
(134, 1620619, '2016-03-08', 25, '-', '1', '2016-03-29'),
(135, 1620619, '2016-03-08', 58, 'belum teraba', '1', '2016-03-29'),
(136, 1620619, '2016-03-08', 26, '-', '1', '2016-03-29'),
(137, 1620619, '2016-03-08', 27, '-', '1', '2016-03-29'),
(138, 1620619, '2016-03-08', 28, 'test kehamilan positif', '1', '2016-03-29'),
(139, 1620619, '2016-03-08', 30, '-', '1', '2016-03-29'),
(140, 1620619, '2016-03-08', 31, '-', '1', '2016-03-29'),
(141, 1620619, '2016-03-29', 22, '115/70', '1', '2016-04-19'),
(142, 1620619, '2016-03-29', 23, '61', '1', '2016-04-19'),
(143, 1620619, '2016-03-29', 24, '18', '1', '2016-04-19'),
(144, 1620619, '2016-03-29', 25, '-', '1', '2016-04-19'),
(145, 1620619, '2016-03-29', 58, 'belum teraba', '1', '2016-04-19'),
(146, 1620619, '2016-03-29', 26, '-', '1', '2016-04-19'),
(147, 1620619, '2016-03-29', 27, '-', '1', '2016-04-19'),
(148, 1620619, '2016-03-29', 28, '-', '1', '2016-04-19'),
(149, 1620619, '2016-03-29', 30, '-', '1', '2016-04-19'),
(150, 1620619, '2016-03-29', 31, '-', '1', '2016-04-19'),
(151, 1620619, '2016-04-19', 22, '110/60', '1', '2016-05-19'),
(152, 1620619, '2016-04-19', 23, '61,5', '1', '2016-05-19'),
(153, 1620619, '2016-04-19', 24, '20', '1', '2016-05-19'),
(154, 1620619, '2016-04-19', 25, '-', '1', '2016-05-19'),
(155, 1620619, '2016-04-19', 58, 'belum teraba', '1', '2016-05-19'),
(156, 1620619, '2016-04-19', 26, '-', '1', '2016-05-19'),
(157, 1620619, '2016-04-19', 27, '-', '1', '2016-05-19'),
(158, 1620619, '2016-04-19', 28, '-', '1', '2016-05-19'),
(159, 1620619, '2016-04-19', 30, '-', '1', '2016-05-19'),
(160, 1620619, '2016-04-19', 31, '-', '1', '2016-05-19'),
(161, 1620618, '2015-02-18', 9, '2015-05-15', '3', '0000-00-00'),
(162, 1620618, '2015-02-18', 10, '2016-02-22', '3', '0000-00-00'),
(163, 1620618, '2015-02-18', 11, '-', '3', '0000-00-00'),
(164, 1620618, '2015-02-18', 12, '-', '3', '0000-00-00'),
(165, 1620618, '2015-02-18', 13, '-', '3', '0000-00-00'),
(166, 1620618, '2015-02-18', 14, '-', '3', '0000-00-00'),
(167, 1620618, '2015-02-18', 15, '-', '3', '0000-00-00'),
(168, 1620618, '2015-02-18', 1, '1', '3', '0000-00-00'),
(169, 1620618, '2015-02-18', 2, '-', '3', '0000-00-00'),
(170, 1620618, '2015-02-18', 3, '-', '3', '0000-00-00'),
(171, 1620618, '2015-02-18', 16, '', '3', '0000-00-00'),
(172, 1620618, '2015-02-18', 4, '-', '3', '0000-00-00'),
(173, 1620618, '2015-02-18', 5, '-', '3', '0000-00-00'),
(174, 1620618, '2015-02-18', 6, '-', '3', '0000-00-00'),
(175, 1620618, '2015-02-18', 7, '-', '3', '0000-00-00'),
(176, 1620618, '2015-02-18', 8, '-', '3', '0000-00-00'),
(177, 1620618, '2016-03-14', 22, '120/65', '1', '2016-04-14'),
(178, 1620618, '2016-03-14', 23, '50', '1', '2016-04-14'),
(179, 1620618, '2016-03-14', 24, '42', '1', '2016-04-14'),
(180, 1620618, '2016-03-14', 25, 'pertengahan px-pusat', '1', '2016-04-14'),
(181, 1620618, '2016-03-14', 58, 'kepala', '1', '2016-04-14'),
(182, 1620618, '2016-03-14', 26, '130-142', '1', '2016-04-14'),
(183, 1620618, '2016-03-14', 27, '-', '1', '2016-04-14'),
(184, 1620618, '2016-03-14', 28, '-', '1', '2016-04-14'),
(185, 1620618, '2016-03-14', 30, 'VE', '1', '2016-04-14'),
(186, 1620618, '2016-03-14', 31, '-', '1', '2016-04-14'),
(187, 1620618, '2016-02-19', 22, '80/60', '1', '0000-00-00'),
(188, 1620618, '2016-02-19', 32, '-', '1', '0000-00-00'),
(189, 1620618, '2016-02-19', 33, '-', '1', '0000-00-00'),
(190, 1620618, '2016-02-19', 34, '-', '1', '0000-00-00'),
(191, 1620618, '2016-02-19', 35, 'keras', '1', '0000-00-00'),
(192, 1620618, '2016-02-19', 36, '-', '1', '0000-00-00'),
(193, 1620618, '2016-02-19', 38, '+', '1', '0000-00-00'),
(194, 1620618, '2016-02-19', 39, '+', '1', '0000-00-00'),
(195, 1620618, '2016-02-19', 37, '0', '1', '0000-00-00'),
(196, 1620618, '2016-02-19', 40, '+', '1', '0000-00-00'),
(197, 1620618, '2016-02-19', 30, '+', '1', '0000-00-00'),
(198, 1620618, '2016-02-19', 31, 'neteki +', '1', '0000-00-00'),
(199, 1620617, '2016-01-16', 9, '2015-09-13', '1', '0000-00-00'),
(200, 1620617, '2016-01-16', 10, '2016-06-20', '1', '0000-00-00'),
(201, 1620617, '2016-01-16', 11, '-', '1', '0000-00-00'),
(202, 1620617, '2016-01-16', 12, '-', '1', '0000-00-00'),
(203, 1620617, '2016-01-16', 13, '-', '1', '0000-00-00'),
(204, 1620617, '2016-01-16', 14, '-', '1', '0000-00-00'),
(205, 1620617, '2016-01-16', 15, '-', '1', '0000-00-00'),
(206, 1620617, '2016-01-16', 1, '2', '1', '0000-00-00'),
(207, 1620617, '2016-01-16', 2, '1', '1', '0000-00-00'),
(208, 1620617, '2016-01-16', 3, '0', '1', '0000-00-00'),
(209, 1620617, '2016-01-16', 16, '', '1', '0000-00-00'),
(210, 1620617, '2016-01-16', 4, '1', '1', '0000-00-00'),
(211, 1620617, '2016-01-16', 5, '-', '1', '0000-00-00'),
(212, 1620617, '2016-01-16', 6, '-', '1', '0000-00-00'),
(213, 1620617, '2016-01-16', 7, '-', '1', '0000-00-00'),
(214, 1620617, '2016-01-16', 8, '-', '1', '0000-00-00'),
(215, 1620617, '2016-02-16', 22, '110/60', '1', '2016-03-16'),
(216, 1620617, '2016-02-16', 23, '68', '1', '2016-03-16'),
(217, 1620617, '2016-02-16', 24, '22', '1', '2016-03-16'),
(218, 1620617, '2016-02-16', 25, '-', '1', '2016-03-16'),
(219, 1620617, '2016-02-16', 58, 'belum teraba', '1', '2016-03-16'),
(220, 1620617, '2016-02-16', 26, '-', '1', '2016-03-16'),
(221, 1620617, '2016-02-16', 27, '-', '1', '2016-03-16'),
(222, 1620617, '2016-02-16', 28, '-', '1', '2016-03-16'),
(223, 1620617, '2016-02-16', 30, '-', '1', '2016-03-16'),
(224, 1620617, '2016-02-16', 31, '-', '1', '2016-03-16'),
(225, 1620616, '2016-02-16', 9, '2015-12-15', '2', '0000-00-00'),
(226, 1620616, '2016-02-16', 10, '2016-09-22', '2', '0000-00-00'),
(227, 1620616, '2016-02-16', 11, '-', '2', '0000-00-00'),
(228, 1620616, '2016-02-16', 12, '-', '2', '0000-00-00'),
(229, 1620616, '2016-02-16', 13, '-', '2', '0000-00-00'),
(230, 1620616, '2016-02-16', 14, '-', '2', '0000-00-00'),
(231, 1620616, '2016-02-16', 15, '-', '2', '0000-00-00'),
(232, 1620616, '2016-02-16', 1, '3', '2', '0000-00-00'),
(233, 1620616, '2016-02-16', 2, '1', '2', '0000-00-00'),
(234, 1620616, '2016-02-16', 3, '1', '2', '0000-00-00'),
(235, 1620616, '2016-02-16', 16, '', '2', '0000-00-00'),
(236, 1620616, '2016-02-16', 4, '1', '2', '0000-00-00'),
(237, 1620616, '2016-02-16', 5, '1', '2', '0000-00-00'),
(238, 1620616, '2016-02-16', 6, '-', '2', '0000-00-00'),
(239, 1620616, '2016-02-16', 7, '-', '2', '0000-00-00'),
(240, 1620616, '2016-02-16', 8, '-', '2', '0000-00-00'),
(241, 1620616, '2016-02-16', 22, '125/80', '1', '2016-03-08'),
(242, 1620616, '2016-02-16', 23, '63', '1', '2016-03-08'),
(243, 1620616, '2016-02-16', 24, '-', '1', '2016-03-08'),
(244, 1620616, '2016-02-16', 25, '-', '1', '2016-03-08'),
(245, 1620616, '2016-02-16', 58, 'belum teraba', '1', '2016-03-08'),
(246, 1620616, '2016-02-16', 26, '-', '1', '2016-03-08'),
(247, 1620616, '2016-02-16', 27, '-', '1', '2016-03-08'),
(248, 1620616, '2016-02-16', 28, '-', '1', '2016-03-08'),
(249, 1620616, '2016-02-16', 30, '-', '1', '2016-03-08'),
(250, 1620616, '2016-02-16', 31, '-', '1', '2016-03-08'),
(251, 1620615, '2016-02-15', 9, '2015-07-12', '1', '0000-00-00'),
(252, 1620615, '2016-02-15', 10, '2016-09-14', '1', '0000-00-00'),
(253, 1620615, '2016-02-15', 11, '-', '1', '0000-00-00'),
(254, 1620615, '2016-02-15', 12, '-', '1', '0000-00-00'),
(255, 1620615, '2016-02-15', 13, '-', '1', '0000-00-00'),
(256, 1620615, '2016-02-15', 14, '-', '1', '0000-00-00'),
(257, 1620615, '2016-02-15', 15, '-', '1', '0000-00-00'),
(258, 1620615, '2016-02-15', 1, '1', '1', '0000-00-00'),
(259, 1620615, '2016-02-15', 2, '0', '1', '0000-00-00'),
(260, 1620615, '2016-02-15', 3, '0', '1', '0000-00-00'),
(261, 1620615, '2016-02-15', 16, '', '1', '0000-00-00'),
(262, 1620615, '2016-02-15', 4, '-', '1', '0000-00-00'),
(263, 1620615, '2016-02-15', 5, '-', '1', '0000-00-00'),
(264, 1620615, '2016-02-15', 6, '-', '1', '0000-00-00'),
(265, 1620615, '2016-02-15', 7, '-', '1', '0000-00-00'),
(266, 1620615, '2016-02-15', 8, '-', '1', '0000-00-00'),
(267, 1620615, '2016-02-15', 22, '115/85', '1', '2016-03-15'),
(268, 1620615, '2016-02-15', 23, '46', '1', '2016-03-15'),
(269, 1620615, '2016-02-15', 24, '9', '1', '2016-03-15'),
(270, 1620615, '2016-02-15', 25, '-', '1', '2016-03-15'),
(271, 1620615, '2016-02-15', 58, 'belum teraba', '1', '2016-03-15'),
(272, 1620615, '2016-02-15', 26, '-', '1', '2016-03-15'),
(273, 1620615, '2016-02-15', 27, '-', '1', '2016-03-15'),
(274, 1620615, '2016-02-15', 28, '-', '1', '2016-03-15'),
(275, 1620615, '2016-02-15', 30, '-', '1', '2016-03-15'),
(276, 1620615, '2016-02-15', 31, '-', '1', '2016-03-15'),
(277, 1020609, '2016-02-12', 9, '0015-09-08', '1', '0000-00-00'),
(278, 1020609, '2016-02-12', 10, '2016-06-15', '1', '0000-00-00'),
(279, 1020609, '2016-02-12', 11, '-', '1', '0000-00-00'),
(280, 1020609, '2016-02-12', 12, '-', '1', '0000-00-00'),
(281, 1020609, '2016-02-12', 13, '-', '1', '0000-00-00'),
(282, 1020609, '2016-02-12', 14, '-', '1', '0000-00-00'),
(283, 1020609, '2016-02-12', 15, '-', '1', '0000-00-00'),
(284, 1020609, '2016-02-12', 1, '3', '1', '0000-00-00'),
(285, 1020609, '2016-02-12', 2, '2', '1', '0000-00-00'),
(286, 1020609, '2016-02-12', 3, '0', '1', '0000-00-00'),
(287, 1020609, '2016-02-12', 16, '', '1', '0000-00-00'),
(288, 1020609, '2016-02-12', 4, '2', '1', '0000-00-00'),
(289, 1020609, '2016-02-12', 5, '-', '1', '0000-00-00'),
(290, 1020609, '2016-02-12', 6, '-', '1', '0000-00-00'),
(291, 1020609, '2016-02-12', 7, '-', '1', '0000-00-00'),
(292, 1020609, '2016-02-12', 8, '-', '1', '0000-00-00'),
(293, 1020609, '2016-02-15', 22, '110/65', '1', '2016-03-03'),
(294, 1020609, '2016-02-15', 23, '65', '1', '2016-03-03'),
(295, 1020609, '2016-02-15', 24, '26', '1', '2016-03-03'),
(296, 1020609, '2016-02-15', 25, '-', '1', '2016-03-03'),
(297, 1020609, '2016-02-15', 58, '-', '1', '2016-03-03'),
(298, 1020609, '2016-02-15', 26, '-', '1', '2016-03-03'),
(299, 1020609, '2016-02-15', 27, '-', '1', '2016-03-03'),
(300, 1020609, '2016-02-15', 28, '-', '1', '2016-03-03'),
(301, 1020609, '2016-02-15', 30, '-', '1', '2016-03-15'),
(302, 1020609, '2016-02-15', 31, '-', '1', '2016-03-15'),
(303, 1620608, '2016-02-12', 9, '2015-12-15', '1', '0000-00-00'),
(304, 1620608, '2016-02-12', 10, '2016-09-22', '1', '0000-00-00'),
(305, 1620608, '2016-02-12', 11, '-', '1', '0000-00-00'),
(306, 1620608, '2016-02-12', 12, '-', '1', '0000-00-00'),
(307, 1620608, '2016-02-12', 13, '-', '1', '0000-00-00'),
(308, 1620608, '2016-02-12', 14, '-', '1', '0000-00-00'),
(309, 1620608, '2016-02-12', 15, '-', '1', '0000-00-00'),
(310, 1620608, '2016-02-12', 1, '1', '1', '0000-00-00'),
(311, 1620608, '2016-02-12', 2, '0', '1', '0000-00-00'),
(312, 1620608, '2016-02-12', 3, '0', '1', '0000-00-00'),
(313, 1620608, '2016-02-12', 16, '', '1', '0000-00-00'),
(314, 1620608, '2016-02-12', 4, '-', '1', '0000-00-00'),
(315, 1620608, '2016-02-12', 5, '-', '1', '0000-00-00'),
(316, 1620608, '2016-02-12', 6, '-', '1', '0000-00-00'),
(317, 1620608, '2016-02-12', 7, '-', '1', '0000-00-00'),
(318, 1620608, '2016-02-12', 8, '-', '1', '0000-00-00'),
(319, 1620606, '2016-02-11', 9, '2015-12-26', '1', '0000-00-00'),
(320, 1620606, '2016-02-11', 10, '2016-10-02', '1', '0000-00-00'),
(321, 1620606, '2016-02-11', 11, '-', '1', '0000-00-00'),
(322, 1620606, '2016-02-11', 12, '-', '1', '0000-00-00'),
(323, 1620606, '2016-02-11', 13, '-', '1', '0000-00-00'),
(324, 1620606, '2016-02-11', 14, '-', '1', '0000-00-00'),
(325, 1620606, '2016-02-11', 15, '-', '1', '0000-00-00'),
(326, 1620606, '2016-02-11', 1, '1', '1', '0000-00-00'),
(327, 1620606, '2016-02-11', 2, '0', '1', '0000-00-00'),
(328, 1620606, '2016-02-11', 3, '0', '1', '0000-00-00'),
(329, 1620606, '2016-02-11', 16, '', '1', '0000-00-00'),
(330, 1620606, '2016-02-11', 4, '-', '1', '0000-00-00'),
(331, 1620606, '2016-02-11', 5, '-', '1', '0000-00-00'),
(332, 1620606, '2016-02-11', 6, '-', '1', '0000-00-00'),
(333, 1620606, '2016-02-11', 7, '-', '1', '0000-00-00'),
(334, 1620606, '2016-02-11', 8, '-', '1', '0000-00-00'),
(335, 1620606, '2016-02-11', 22, '110/70', '1', '2016-03-11'),
(336, 1620606, '2016-02-11', 23, '53', '1', '2016-03-11'),
(337, 1620606, '2016-02-11', 24, '7', '1', '2016-03-11'),
(338, 1620606, '2016-02-11', 25, '-', '1', '2016-03-11'),
(339, 1620606, '2016-02-11', 58, 'belum teraba', '1', '2016-03-11'),
(340, 1620606, '2016-02-11', 26, '-', '1', '2016-03-11'),
(341, 1620606, '2016-02-11', 27, '-', '1', '2016-03-11'),
(342, 1620606, '2016-02-11', 28, '-', '1', '2016-03-11'),
(343, 1620606, '2016-02-11', 30, '-', '1', '2016-03-11'),
(344, 1620606, '2016-02-11', 31, '-', '1', '2016-03-11'),
(345, 1620606, '2016-03-03', 22, '100/70', '1', '2016-04-03'),
(346, 1620606, '2016-03-03', 23, '55', '1', '2016-04-03'),
(347, 1620606, '2016-03-03', 24, '10', '1', '2016-04-03'),
(348, 1620606, '2016-03-03', 25, '-', '1', '2016-04-03'),
(349, 1620606, '2016-03-03', 58, 'belum teraba', '1', '2016-04-03'),
(350, 1620606, '2016-03-03', 26, '-', '1', '2016-04-03'),
(351, 1620606, '2016-03-03', 27, '-', '1', '2016-04-03'),
(352, 1620606, '2016-03-03', 28, '-', '1', '2016-04-03'),
(353, 1620606, '2016-03-03', 30, '-', '1', '2016-04-03'),
(354, 1620606, '2016-03-03', 31, '-', '1', '2016-04-03'),
(355, 1620601, '2016-02-09', 9, '2015-12-15', '1', '0000-00-00'),
(356, 1620601, '2016-02-09', 10, '2016-09-12', '1', '0000-00-00'),
(357, 1620601, '2016-02-09', 11, '-', '1', '0000-00-00'),
(358, 1620601, '2016-02-09', 12, '-', '1', '0000-00-00'),
(359, 1620601, '2016-02-09', 13, '-', '1', '0000-00-00'),
(360, 1620601, '2016-02-09', 14, '-', '1', '0000-00-00'),
(361, 1620601, '2016-02-09', 15, '-', '1', '0000-00-00'),
(362, 1620601, '2016-02-09', 1, '1', '1', '0000-00-00'),
(363, 1620601, '2016-02-09', 2, '0', '1', '0000-00-00'),
(364, 1620601, '2016-02-09', 3, '0', '1', '0000-00-00'),
(365, 1620601, '2016-02-09', 16, '', '1', '0000-00-00'),
(366, 1620601, '2016-02-09', 4, '-', '1', '0000-00-00'),
(367, 1620601, '2016-02-09', 5, '-', '1', '0000-00-00'),
(368, 1620601, '2016-02-09', 6, '-', '1', '0000-00-00'),
(369, 1620601, '2016-02-09', 7, '-', '1', '0000-00-00'),
(370, 1620601, '2016-02-09', 8, '-', '1', '0000-00-00'),
(371, 1620601, '2016-02-09', 22, '110/70', '1', '2016-03-01'),
(372, 1620601, '2016-02-09', 23, '46', '1', '2016-03-01'),
(373, 1620601, '2016-02-09', 24, '9', '1', '2016-03-01'),
(374, 1620601, '2016-02-09', 25, '-', '1', '2016-03-01'),
(375, 1620601, '2016-02-09', 58, 'belum teraba', '1', '2016-03-01'),
(376, 1620601, '2016-02-09', 26, '-', '1', '2016-03-01'),
(377, 1620601, '2016-02-09', 27, '-', '1', '2016-03-01'),
(378, 1620601, '2016-02-09', 28, '-', '1', '2016-03-01'),
(379, 1620601, '2016-02-09', 30, '-', '1', '2016-03-01'),
(380, 1620601, '2016-02-09', 31, '-', '1', '2016-03-01'),
(381, 1620601, '2016-03-01', 22, '110/70', '1', '2016-03-21'),
(382, 1620601, '2016-03-01', 23, '48', '1', '2016-03-21'),
(383, 1620601, '2016-03-01', 24, '12', '1', '2016-03-21'),
(384, 1620601, '2016-03-01', 25, '-', '1', '2016-03-21'),
(385, 1620601, '2016-03-01', 58, 'belum teraba', '1', '2016-03-21'),
(386, 1620601, '2016-03-01', 26, '-', '1', '2016-03-21'),
(387, 1620601, '2016-03-01', 27, '-', '1', '2016-03-21'),
(388, 1620601, '2016-03-01', 28, '-', '1', '2016-03-21'),
(389, 1620601, '2016-03-01', 30, 'USG', '1', '2016-03-21'),
(390, 1620601, '2016-03-01', 31, '-', '1', '2016-03-21'),
(391, 1620600, '2016-02-09', 9, '2015-06-07', '1', '0000-00-00'),
(392, 1620600, '2016-02-09', 10, '2016-03-14', '1', '0000-00-00'),
(393, 1620600, '2016-02-09', 11, '-', '1', '0000-00-00'),
(394, 1620600, '2016-02-09', 12, '-', '1', '0000-00-00'),
(395, 1620600, '2016-02-09', 13, '-', '1', '0000-00-00'),
(396, 1620600, '2016-02-09', 14, '-', '1', '0000-00-00'),
(397, 1620600, '2016-02-09', 15, '-', '1', '0000-00-00'),
(398, 1620600, '2016-02-09', 1, '1', '1', '0000-00-00'),
(399, 1620600, '2016-02-09', 2, '0', '1', '0000-00-00'),
(400, 1620600, '2016-02-09', 3, '0', '1', '0000-00-00'),
(401, 1620600, '2016-02-09', 16, '', '1', '0000-00-00'),
(402, 1620600, '2016-02-09', 4, '-', '1', '0000-00-00'),
(403, 1620600, '2016-02-09', 5, '-', '1', '0000-00-00'),
(404, 1620600, '2016-02-09', 6, '-', '1', '0000-00-00'),
(405, 1620600, '2016-02-09', 7, '-', '1', '0000-00-00'),
(406, 1620600, '2016-02-09', 8, '-', '1', '0000-00-00'),
(407, 1620600, '2016-02-09', 22, '130/90', '1', '2016-03-09'),
(408, 1620600, '2016-02-09', 23, '55', '1', '2016-03-09'),
(409, 1620600, '2016-02-09', 24, '35', '1', '2016-03-09'),
(410, 1620600, '2016-02-09', 25, '-', '1', '2016-03-09'),
(411, 1620600, '2016-02-09', 58, 'belum teraba', '1', '2016-03-09'),
(412, 1620600, '2016-02-09', 26, '-', '1', '2016-03-09'),
(413, 1620600, '2016-02-09', 27, '-', '1', '2016-03-09'),
(414, 1620600, '2016-02-09', 28, '-', '1', '2016-03-09'),
(415, 1620600, '2016-02-09', 30, '-', '1', '2016-03-09'),
(416, 1620600, '2016-02-09', 31, '-', '1', '2016-03-09'),
(417, 1620559, '2016-02-09', 9, '2015-12-29', '1', '0000-00-00'),
(418, 1620559, '2016-02-09', 10, '2016-10-05', '1', '0000-00-00'),
(419, 1620559, '2016-02-09', 11, '-', '1', '0000-00-00'),
(420, 1620559, '2016-02-09', 12, '-', '1', '0000-00-00'),
(421, 1620559, '2016-02-09', 13, '-', '1', '0000-00-00'),
(422, 1620559, '2016-02-09', 14, '-', '1', '0000-00-00'),
(423, 1620559, '2016-02-09', 15, '-', '1', '0000-00-00'),
(424, 1620559, '2016-02-09', 1, '2', '1', '0000-00-00'),
(425, 1620559, '2016-02-09', 2, '1', '1', '0000-00-00'),
(426, 1620559, '2016-02-09', 3, '0', '1', '0000-00-00'),
(427, 1620559, '2016-02-09', 16, '', '1', '0000-00-00'),
(428, 1620559, '2016-02-09', 4, '1', '1', '0000-00-00'),
(429, 1620559, '2016-02-09', 5, '-', '1', '0000-00-00'),
(430, 1620559, '2016-02-09', 6, '-', '1', '0000-00-00'),
(431, 1620559, '2016-02-09', 7, '-', '1', '0000-00-00'),
(432, 1620559, '2016-02-09', 8, '-', '1', '0000-00-00'),
(433, 1620559, '2016-02-09', 22, '90/60', '1', '2016-03-09'),
(434, 1620559, '2016-02-09', 23, '56', '1', '2016-03-09'),
(435, 1620559, '2016-02-09', 24, '7', '1', '2016-03-09'),
(436, 1620559, '2016-02-09', 25, '-', '1', '2016-03-09'),
(437, 1620559, '2016-02-09', 58, 'belum teraba', '1', '2016-03-09'),
(438, 1620559, '2016-02-09', 26, '-', '1', '2016-03-09'),
(439, 1620559, '2016-02-09', 27, '-', '1', '2016-03-09'),
(440, 1620559, '2016-02-09', 28, '-', '1', '2016-03-09'),
(441, 1620559, '2016-02-09', 30, '-', '1', '2016-03-09'),
(442, 1620559, '2016-02-09', 31, '-', '1', '2016-03-09'),
(443, 1620557, '2016-02-07', 9, '2015-05-21', '1', '0000-00-00'),
(444, 1620557, '2016-02-07', 10, '2016-02-08', '1', '0000-00-00'),
(445, 1620557, '2016-02-07', 11, '-', '1', '0000-00-00'),
(446, 1620557, '2016-02-07', 12, '-', '1', '0000-00-00'),
(447, 1620557, '2016-02-07', 13, '-', '1', '0000-00-00'),
(448, 1620557, '2016-02-07', 14, '-', '1', '0000-00-00'),
(449, 1620557, '2016-02-07', 15, '-', '1', '0000-00-00'),
(450, 1620557, '2016-02-07', 1, '1', '1', '0000-00-00'),
(451, 1620557, '2016-02-07', 2, '0', '1', '0000-00-00'),
(452, 1620557, '2016-02-07', 3, '0', '1', '0000-00-00'),
(453, 1620557, '2016-02-07', 16, '', '1', '0000-00-00'),
(454, 1620557, '2016-02-07', 4, '-', '1', '0000-00-00'),
(455, 1620557, '2016-02-07', 5, '-', '1', '0000-00-00'),
(456, 1620557, '2016-02-07', 6, '-', '1', '0000-00-00'),
(457, 1620557, '2016-02-07', 7, '-', '1', '0000-00-00'),
(458, 1620557, '2016-02-07', 8, '-', '1', '0000-00-00'),
(459, 1620557, '2016-02-07', 22, '115/80', '1', '2016-03-07'),
(460, 1620557, '2016-02-07', 23, '90', '1', '2016-03-07'),
(461, 1620557, '2016-02-07', 24, '39', '1', '2016-03-07'),
(462, 1620557, '2016-02-07', 25, '-', '1', '2016-03-07'),
(463, 1620557, '2016-02-07', 58, 'belum teraba', '1', '2016-03-07'),
(464, 1620557, '2016-02-07', 26, '-', '1', '2016-03-07'),
(465, 1620557, '2016-02-07', 27, '-', '1', '2016-03-07'),
(466, 1620557, '2016-02-07', 28, '-', '1', '2016-03-07'),
(467, 1620557, '2016-02-07', 30, '-', '1', '2016-03-07'),
(468, 1620557, '2016-02-07', 31, '-', '1', '2016-03-07'),
(469, 1620553, '2016-02-03', 9, '2015-09-19', '1', '0000-00-00'),
(470, 1620553, '2016-02-03', 10, '2016-06-26', '1', '0000-00-00'),
(471, 1620553, '2016-02-03', 11, '-', '1', '0000-00-00'),
(472, 1620553, '2016-02-03', 12, '-', '1', '0000-00-00'),
(473, 1620553, '2016-02-03', 13, '-', '1', '0000-00-00'),
(474, 1620553, '2016-02-03', 14, '-', '1', '0000-00-00'),
(475, 1620553, '2016-02-03', 15, '-', '1', '0000-00-00'),
(476, 1620553, '2016-02-03', 1, '1', '1', '0000-00-00'),
(477, 1620553, '2016-02-03', 2, '0', '1', '0000-00-00'),
(478, 1620553, '2016-02-03', 3, '0', '1', '0000-00-00'),
(479, 1620553, '2016-02-03', 16, '', '1', '0000-00-00'),
(480, 1620553, '2016-02-03', 4, '-', '1', '0000-00-00'),
(481, 1620553, '2016-02-03', 5, '-', '1', '0000-00-00'),
(482, 1620553, '2016-02-03', 6, '-', '1', '0000-00-00'),
(483, 1620553, '2016-02-03', 7, '-', '1', '0000-00-00'),
(484, 1620553, '2016-02-03', 8, '-', '1', '0000-00-00'),
(485, 1620553, '2016-02-03', 22, '110/60', '1', '2016-03-07'),
(486, 1620553, '2016-02-03', 23, '51', '1', '2016-03-07'),
(487, 1620553, '2016-02-03', 24, '19', '1', '2016-03-07'),
(488, 1620553, '2016-02-03', 25, '-', '1', '2016-03-07'),
(489, 1620553, '2016-02-03', 58, '-', '1', '2016-03-07'),
(490, 1620553, '2016-02-03', 26, '-', '1', '2016-03-07'),
(491, 1620553, '2016-02-03', 27, '-', '1', '2016-03-07'),
(492, 1620553, '2016-02-03', 28, '-', '1', '2016-03-07'),
(493, 1620553, '2016-02-03', 30, '-', '1', '2016-03-07'),
(494, 1620553, '2016-02-03', 31, '-', '1', '2016-03-07'),
(495, 1620553, '2016-03-07', 22, '100/60', '1', '2016-04-12'),
(496, 1620553, '2016-03-07', 23, '55', '1', '2016-04-12'),
(497, 1620553, '2016-03-07', 24, '24', '1', '2016-04-12'),
(498, 1620553, '2016-03-07', 25, '-', '1', '2016-04-12'),
(499, 1620553, '2016-03-07', 58, '-', '1', '2016-04-12'),
(500, 1620553, '2016-03-07', 26, '-', '1', '2016-04-12'),
(501, 1620553, '2016-03-07', 27, '-', '1', '2016-04-12'),
(502, 1620553, '2016-03-07', 28, '-', '1', '2016-04-12'),
(503, 1620553, '2016-03-07', 30, 'USG', '1', '2016-04-12'),
(504, 1620553, '2016-03-07', 31, '-', '1', '2016-04-12'),
(505, 1620553, '2016-04-12', 22, '100/60', '1', '2016-05-12'),
(506, 1620553, '2016-04-12', 23, '58', '1', '2016-05-12'),
(507, 1620553, '2016-04-12', 24, '29', '1', '2016-05-12'),
(508, 1620553, '2016-04-12', 25, '-', '1', '2016-05-12'),
(509, 1620553, '2016-04-12', 58, '-', '1', '2016-05-12'),
(510, 1620553, '2016-04-12', 26, '-', '1', '2016-05-12'),
(511, 1620553, '2016-04-12', 27, '-', '1', '2016-05-12'),
(512, 1620553, '2016-04-12', 28, '-', '1', '2016-05-12'),
(513, 1620553, '2016-04-12', 30, 'USG', '1', '2016-05-12'),
(514, 1620553, '2016-04-12', 31, '-', '1', '2016-05-12'),
(515, 1614164, '2016-04-05', 23, '3,7', '4', '0000-00-00'),
(516, 1614164, '2016-04-05', 12, '53', '4', '0000-00-00'),
(517, 1614164, '2016-04-05', 56, '36', '4', '0000-00-00'),
(518, 1614164, '2016-04-05', 34, '-', '4', '0000-00-00'),
(519, 1614164, '2016-04-05', 33, '-', '4', '0000-00-00'),
(520, 1614164, '2016-04-05', 57, '-', '4', '0000-00-00'),
(521, 1614164, '2016-04-05', 29, '-', '4', '0000-00-00'),
(522, 1614164, '2016-04-05', 30, '-', '4', '0000-00-00'),
(523, 1614164, '2016-05-04', 42, '2016-05-04', '4', '0000-00-00'),
(524, 1614163, '2016-04-29', 42, '2016-04-29', '5', '0000-00-00'),
(525, 1614162, '2016-04-29', 42, '2016-04-29', '5', '0000-00-00'),
(526, 1614162, '2016-04-29', 23, '3,2', '5', '0000-00-00'),
(527, 1614162, '2016-04-29', 12, '47', '5', '0000-00-00'),
(528, 1614162, '2016-04-29', 56, '32', '5', '0000-00-00'),
(529, 1614162, '2016-04-29', 34, '36', '5', '0000-00-00'),
(530, 1614162, '2016-04-29', 33, '-', '5', '0000-00-00'),
(531, 1614162, '2016-04-29', 57, '-', '5', '0000-00-00'),
(532, 1614162, '2016-04-29', 29, '-', '5', '0000-00-00'),
(533, 1614162, '2016-04-29', 30, '-', '5', '0000-00-00'),
(534, 1614161, '2016-04-29', 42, '2016-04-29', '5', '0000-00-00'),
(535, 1614161, '2016-04-29', 23, '2,8', '5', '0000-00-00'),
(536, 1614161, '2016-04-29', 12, '48', '5', '0000-00-00'),
(537, 1614161, '2016-04-29', 56, '33', '5', '0000-00-00'),
(538, 1614161, '2016-04-29', 34, '-', '5', '0000-00-00'),
(539, 1614161, '2016-04-29', 33, '-', '5', '0000-00-00'),
(540, 1614161, '2016-04-29', 57, '-', '5', '0000-00-00'),
(541, 1614161, '2016-04-29', 29, '-', '5', '0000-00-00'),
(542, 1614161, '2016-04-29', 30, '-', '5', '0000-00-00'),
(543, 1614160, '2016-04-29', 42, '2016-04-29', '5', '0000-00-00'),
(544, 1614160, '2016-05-01', 23, '3,3', '4', '0000-00-00'),
(545, 1614160, '2016-05-01', 12, '49', '4', '0000-00-00'),
(546, 1614160, '2016-05-01', 56, '35', '4', '0000-00-00'),
(547, 1614160, '2016-05-01', 34, '36', '4', '0000-00-00'),
(548, 1614160, '2016-05-01', 33, '-', '4', '0000-00-00'),
(549, 1614160, '2016-05-01', 57, '-', '4', '0000-00-00'),
(550, 1614160, '2016-05-01', 29, '-', '4', '0000-00-00'),
(551, 1614160, '2016-05-01', 30, '-', '4', '0000-00-00'),
(552, 1614159, '2016-04-29', 23, '3,0', '5', '0000-00-00'),
(553, 1614159, '2016-04-29', 12, '48', '5', '0000-00-00'),
(554, 1614159, '2016-04-29', 56, '32', '5', '0000-00-00'),
(555, 1614159, '2016-04-29', 34, '36', '5', '0000-00-00'),
(556, 1614159, '2016-04-29', 33, '-', '5', '0000-00-00'),
(557, 1614159, '2016-04-29', 57, '-', '5', '0000-00-00'),
(558, 1614159, '2016-04-29', 29, '-', '5', '0000-00-00'),
(559, 1614159, '2016-04-29', 30, '-', '5', '0000-00-00'),
(560, 1614157, '2016-05-04', 23, '7,4', '4', '0000-00-00'),
(561, 1614157, '2016-05-04', 12, '-', '4', '0000-00-00'),
(562, 1614157, '2016-05-04', 56, '-', '4', '0000-00-00'),
(563, 1614157, '2016-05-04', 34, '38', '4', '0000-00-00'),
(564, 1614157, '2016-05-04', 33, '-', '4', '0000-00-00'),
(565, 1614157, '2016-05-04', 57, '-', '4', '0000-00-00'),
(566, 1614157, '2016-05-04', 29, 'demam tinggi', '4', '0000-00-00'),
(567, 1614157, '2016-05-04', 30, '-', '4', '0000-00-00'),
(568, 1614158, '2016-04-24', 23, '3,3', '4', '0000-00-00'),
(569, 1614158, '2016-04-24', 12, '48', '4', '0000-00-00'),
(570, 1614158, '2016-04-24', 56, '33', '4', '0000-00-00'),
(571, 1614158, '2016-04-24', 34, '36', '4', '0000-00-00'),
(572, 1614158, '2016-04-24', 33, '-', '4', '0000-00-00'),
(573, 1614158, '2016-04-24', 57, '-', '4', '0000-00-00'),
(574, 1614158, '2016-04-24', 29, '-', '4', '0000-00-00'),
(575, 1614158, '2016-04-24', 30, '-', '4', '0000-00-00'),
(576, 1614158, '2016-04-24', 42, '2016-04-24', '4', '0000-00-00'),
(577, 1614156, '2016-04-24', 23, '3,0', '4', '0000-00-00'),
(578, 1614156, '2016-04-24', 12, '47', '4', '0000-00-00'),
(579, 1614156, '2016-04-24', 56, '33', '4', '0000-00-00'),
(580, 1614156, '2016-04-24', 34, '-', '4', '0000-00-00'),
(581, 1614156, '2016-04-24', 33, '-', '4', '0000-00-00'),
(582, 1614156, '2016-04-24', 57, '-', '4', '0000-00-00'),
(583, 1614156, '2016-04-24', 29, 'BB belum naik dan deman', '4', '0000-00-00'),
(584, 1614156, '2016-04-24', 30, '-', '4', '0000-00-00'),
(585, 1614155, '2016-04-20', 23, '3,2', '4', '0000-00-00'),
(586, 1614155, '2016-04-20', 12, '50', '4', '0000-00-00'),
(587, 1614155, '2016-04-20', 56, '34', '4', '0000-00-00'),
(588, 1614155, '2016-04-20', 34, '-', '4', '0000-00-00'),
(589, 1614155, '2016-04-20', 33, '-', '4', '0000-00-00'),
(590, 1614155, '2016-04-20', 57, '-', '4', '0000-00-00'),
(591, 1614155, '2016-04-20', 29, '-', '4', '0000-00-00'),
(592, 1614155, '2016-04-20', 30, '-', '4', '0000-00-00'),
(593, 1614155, '2016-05-04', 23, '3,8', '4', '0000-00-00'),
(594, 1614155, '2016-05-04', 12, '-', '4', '0000-00-00'),
(595, 1614155, '2016-05-04', 56, '-', '4', '0000-00-00'),
(596, 1614155, '2016-05-04', 34, '-', '4', '0000-00-00'),
(597, 1614155, '2016-05-04', 33, '-', '4', '0000-00-00'),
(598, 1614155, '2016-05-04', 57, '-', '4', '0000-00-00'),
(599, 1614155, '2016-05-04', 29, 'muntah-muntah', '4', '0000-00-00'),
(600, 1614155, '2016-05-04', 30, '', '4', '0000-00-00'),
(601, 1614155, '2016-05-04', 43, '2016-05-04', '4', '0000-00-00'),
(602, 1614154, '2016-04-14', 23, '3,04', '4', '0000-00-00'),
(603, 1614154, '2016-04-14', 12, '49', '4', '0000-00-00'),
(604, 1614154, '2016-04-14', 56, '', '4', '0000-00-00'),
(605, 1614154, '2016-04-14', 34, '', '4', '0000-00-00'),
(606, 1614154, '2016-04-14', 33, '', '4', '0000-00-00'),
(607, 1614154, '2016-04-14', 57, '', '4', '0000-00-00'),
(608, 1614154, '2016-04-14', 29, '', '4', '0000-00-00'),
(609, 1614154, '2016-04-14', 30, '', '4', '0000-00-00'),
(610, 1614154, '2016-05-04', 23, '3,5', '4', '0000-00-00'),
(611, 1614154, '2016-05-04', 12, '', '4', '0000-00-00'),
(612, 1614154, '2016-05-04', 56, '', '4', '0000-00-00'),
(613, 1614154, '2016-05-04', 34, '', '4', '0000-00-00'),
(614, 1614154, '2016-05-04', 33, '', '4', '0000-00-00'),
(615, 1614154, '2016-05-04', 57, '', '4', '0000-00-00'),
(616, 1614154, '2016-05-04', 29, '', '4', '0000-00-00'),
(617, 1614154, '2016-05-04', 30, '', '4', '0000-00-00'),
(618, 1614154, '2016-05-04', 43, '2016-05-04', '4', '0000-00-00'),
(619, 1614153, '2016-04-29', 23, '3,1', '4', '0000-00-00'),
(620, 1614153, '2016-04-29', 12, '48', '4', '0000-00-00'),
(621, 1614153, '2016-04-29', 56, '34', '4', '0000-00-00'),
(622, 1614153, '2016-04-29', 34, '', '4', '0000-00-00'),
(623, 1614153, '2016-04-29', 33, '', '4', '0000-00-00'),
(624, 1614153, '2016-04-29', 57, '', '4', '0000-00-00'),
(625, 1614153, '2016-04-29', 29, '', '4', '0000-00-00'),
(626, 1614153, '2016-04-29', 30, '', '4', '0000-00-00'),
(627, 1614153, '2016-05-04', 23, '3,0', '4', '0000-00-00'),
(628, 1614153, '2016-05-04', 12, '', '4', '0000-00-00'),
(629, 1614153, '2016-05-04', 56, '', '4', '0000-00-00'),
(630, 1614153, '2016-05-04', 34, '', '4', '0000-00-00'),
(631, 1614153, '2016-05-04', 33, '', '4', '0000-00-00'),
(632, 1614153, '2016-05-04', 57, '', '4', '0000-00-00'),
(633, 1614153, '2016-05-04', 29, 'muntah', '4', '0000-00-00'),
(634, 1614153, '2016-05-04', 30, '', '4', '0000-00-00'),
(635, 1614153, '2016-05-04', 43, '2016-05-04', '4', '0000-00-00'),
(636, 1614153, '2016-04-29', 42, '2016-04-29', '4', '0000-00-00'),
(637, 1614152, '2015-04-20', 23, '3,1', '4', '0000-00-00'),
(638, 1614152, '2015-04-20', 12, '51', '4', '0000-00-00'),
(639, 1614152, '2015-04-20', 56, '', '4', '0000-00-00'),
(640, 1614152, '2015-04-20', 34, '', '4', '0000-00-00'),
(641, 1614152, '2015-04-20', 33, '', '4', '0000-00-00'),
(642, 1614152, '2015-04-20', 57, '', '4', '0000-00-00'),
(643, 1614152, '2015-04-20', 29, '', '4', '0000-00-00'),
(644, 1614152, '2015-04-20', 30, '', '4', '0000-00-00'),
(645, 1614152, '2016-04-30', 23, '8,1', '6', '0000-00-00'),
(646, 1614152, '2016-04-30', 12, '73', '6', '0000-00-00'),
(647, 1614152, '2016-04-30', 56, '44', '6', '0000-00-00'),
(648, 1614152, '2016-04-30', 34, '', '6', '0000-00-00'),
(649, 1614152, '2016-04-30', 33, '', '6', '0000-00-00'),
(650, 1614152, '2016-04-30', 57, '', '6', '0000-00-00'),
(651, 1614152, '2016-04-30', 29, 'perkembangan bahasa baba', '6', '0000-00-00'),
(652, 1614152, '2016-04-30', 30, '', '6', '0000-00-00'),
(653, 1614151, '2016-04-27', 23, '17', '4', '0000-00-00'),
(654, 1614151, '2016-04-27', 12, '', '4', '0000-00-00'),
(655, 1614151, '2016-04-27', 56, '', '4', '0000-00-00'),
(656, 1614151, '2016-04-27', 34, '', '4', '0000-00-00'),
(657, 1614151, '2016-04-27', 33, '', '4', '0000-00-00'),
(658, 1614151, '2016-04-27', 57, '', '4', '0000-00-00'),
(659, 1614151, '2016-04-27', 29, 'demam dan batuk ngikil', '4', '0000-00-00'),
(660, 1614151, '2016-04-27', 30, 'troksion dan fometa', '4', '0000-00-00'),
(661, 1614150, '2016-04-26', 42, '2016-04-26', '6', '0000-00-00'),
(662, 1614149, '2015-11-05', 23, '3,1', '4', '0000-00-00'),
(663, 1614149, '2015-11-05', 12, '47', '4', '0000-00-00'),
(664, 1614149, '2015-11-05', 56, '41', '4', '0000-00-00'),
(665, 1614149, '2015-11-05', 34, '', '4', '0000-00-00'),
(666, 1614149, '2015-11-05', 33, '', '4', '0000-00-00'),
(667, 1614149, '2015-11-05', 57, '', '4', '0000-00-00'),
(668, 1614149, '2015-11-05', 29, '', '4', '0000-00-00'),
(669, 1614149, '2015-11-05', 30, '', '4', '0000-00-00'),
(670, 1614149, '2016-04-26', 23, '5,8', '4', '0000-00-00'),
(671, 1614149, '2016-04-26', 12, '', '4', '0000-00-00'),
(672, 1614149, '2016-04-26', 56, '', '4', '0000-00-00'),
(673, 1614149, '2016-04-26', 34, '', '4', '0000-00-00'),
(674, 1614149, '2016-04-26', 33, '', '4', '0000-00-00'),
(675, 1614149, '2016-04-26', 57, '', '4', '0000-00-00'),
(676, 1614149, '2016-04-26', 29, 'susp ISK', '4', '0000-00-00'),
(677, 1614149, '2016-04-26', 30, '', '4', '0000-00-00');

-- --------------------------------------------------------

--
-- Table structure for table `pendidikan`
--

CREATE TABLE IF NOT EXISTS `pendidikan` (
  `id_pendidikan` int(5) NOT NULL AUTO_INCREMENT COMMENT 'Kode pendidikan, primary key',
  `pendidikan` varchar(10) NOT NULL COMMENT 'Jenis-jenis pendidikan',
  PRIMARY KEY (`id_pendidikan`)
) ENGINE=InnoDB  DEFAULT CHARSET=latin1 AUTO_INCREMENT=9 ;

--
-- Dumping data for table `pendidikan`
--

INSERT INTO `pendidikan` (`id_pendidikan`, `pendidikan`) VALUES
(1, 'SD'),
(2, 'SMP'),
(3, 'SMA'),
(4, 'Diploma'),
(5, 'Sarjana'),
(6, 'Magister'),
(8, 'Lainnya');

-- --------------------------------------------------------

--
-- Table structure for table `rencana_persalinan`
--

CREATE TABLE IF NOT EXISTS `rencana_persalinan` (
  `id_surat_lahir` int(11) NOT NULL AUTO_INCREMENT,
  `tgl_surat` date NOT NULL,
  `no_RM` int(10) NOT NULL,
  `nama` varchar(30) NOT NULL,
  `gol_darah` enum('A','B','AB','O') NOT NULL,
  `alamat` varchar(100) NOT NULL,
  `HPL` date NOT NULL,
  `penolong1` varchar(30) NOT NULL,
  `penolong2` varchar(30) NOT NULL,
  `sumber_dana` varchar(30) NOT NULL,
  `pemilik_kendaraan` varchar(30) NOT NULL,
  `noHP_milik_kendaraan` varchar(12) NOT NULL,
  `metode_KB` varchar(15) NOT NULL,
  `pendonor1` varchar(30) NOT NULL,
  `pendonor2` varchar(30) NOT NULL,
  `noHP_donor1` varchar(12) NOT NULL,
  `noHP_donor2` varchar(12) NOT NULL,
  PRIMARY KEY (`id_surat_lahir`)
) ENGINE=InnoDB  DEFAULT CHARSET=latin1 AUTO_INCREMENT=6 ;

--
-- Dumping data for table `rencana_persalinan`
--

INSERT INTO `rencana_persalinan` (`id_surat_lahir`, `tgl_surat`, `no_RM`, `nama`, `gol_darah`, `alamat`, `HPL`, `penolong1`, `penolong2`, `sumber_dana`, `pemilik_kendaraan`, `noHP_milik_kendaraan`, `metode_KB`, `pendonor1`, `pendonor2`, `noHP_donor1`, `noHP_donor2`) VALUES
(1, '2013-04-01', 1, 'IRMA YUNI RAHMAWATI, NY', 'O', 'PERUMAHAN BOJONG MENTENG INDAH, BEKASI', '2013-04-20', 'Dr. Hj. Anisah, SpOG', 'Haniyah, S. Kep, Ners', 'JKN', 'SPTA PRIHANTARA, TN', '085678765456', 'KB Spiral', 'IMA DWI RISTIARININGSIH, NN', 'ATRIYUSRI HANAFAH, NN', '08976545667', '081802345876'),
(2, '2015-08-02', 1620622, 'STELLA CANDRA OKTAVIANI, NY', 'A', 'JL. MT HARYONO 39, PUGERAN, YOGYAKARTA', '2016-03-10', 'Prof. Dr. H. Moch. Anwar, M.Me', 'Dr. Ardhanu Kusumanto, SpOG(K)', 'Pribadi', 'SONY, TN', '085742428761', '-', 'PMI', '-', '-', '-'),
(3, '2015-03-14', 1620621, 'SUPARSIH AAS RAGIAL S, NY', 'A', 'PERUMAHAN DIRGANTARA ASRI I/13 BERBAH SLEMAN', '2016-03-22', 'Prof. Dr. H. Moch. Anwar, M.Me', 'Dr. Hj. Anisah, SpOG', 'Pribadi', 'SUSILO CHISTIONO, TN', '08175425354', '-', '-', '-', '-', '-'),
(4, '2015-08-20', 1620620, 'RETNOWATI, NY', 'A', 'PURBAYAN KG 3/1093 YOGYAKARTA', '2016-04-27', 'Prof. Dr. H. Moch. Anwar, M.Me', 'Dr. Hj. Anisah, SpOG', 'Pribadi', 'EKO SULISTYANTO, TN', '081227036978', '-', '-', '-', '-', '-'),
(5, '0000-00-00', 1620618, 'FITRI ANDRIANA, NY', 'A', 'NAMBURAN LOR II YOGYAKARTA', '2016-04-27', 'Dr. Hj. Anisah, SpOG', 'Cahyani', 'Pribadi', 'OKKY YOGA P, TN', '371441', '-', '-', '-', '-', '-');

-- --------------------------------------------------------

--
-- Table structure for table `status`
--

CREATE TABLE IF NOT EXISTS `status` (
  `id_status` int(2) NOT NULL AUTO_INCREMENT,
  `status` varchar(4) NOT NULL,
  PRIMARY KEY (`id_status`)
) ENGINE=InnoDB  DEFAULT CHARSET=latin1 AUTO_INCREMENT=3 ;

--
-- Dumping data for table `status`
--

INSERT INTO `status` (`id_status`, `status`) VALUES
(1, 'Ibu'),
(2, 'Anak');

-- --------------------------------------------------------

--
-- Table structure for table `user`
--

CREATE TABLE IF NOT EXISTS `user` (
  `id_user` int(11) NOT NULL AUTO_INCREMENT,
  `nama` varchar(30) NOT NULL,
  `jenis_kelamin` int(2) NOT NULL,
  `username` varchar(30) NOT NULL,
  `password` varchar(100) NOT NULL,
  `level` enum('Admin','Petugas','Pasien') NOT NULL,
  `alamat` varchar(150) NOT NULL,
  PRIMARY KEY (`id_user`)
) ENGINE=InnoDB  DEFAULT CHARSET=latin1 AUTO_INCREMENT=4 ;

--
-- Dumping data for table `user`
--

INSERT INTO `user` (`id_user`, `nama`, `jenis_kelamin`, `username`, `password`, `level`, `alamat`) VALUES
(1, 'Julia Dian Pratiwi', 2, 'admin', '21232f297a57a5a743894a0e4a801fc3', 'Admin', 'Taman KT I 293 B Patehan Kraton Yogyakarta'),
(2, 'Larasati Annisa', 2, 'nisa', '5fad30428811fe378fd389cd7659a33c', 'Petugas', 'Jalan Skip UGM Yogyakarta'),
(3, 'Aganinggar', 1, 'aga', 'fea30f2213e57de1a3c985f0cad303b7', 'Petugas', 'Kranggan, Galur, Kulon Progo, Yogyakarta ');

/*!40101 SET CHARACTER_SET_CLIENT=@OLD_CHARACTER_SET_CLIENT */;
/*!40101 SET CHARACTER_SET_RESULTS=@OLD_CHARACTER_SET_RESULTS */;
/*!40101 SET COLLATION_CONNECTION=@OLD_COLLATION_CONNECTION */;
